"file_identifier","datasource","first_harvest_date","last_harvest_date","last_mdate_check_date","mdate","doi"
"USGS:5d961fd5e4b0c4f70d110e3c","Central Energy Resources Science Center","2020-10-28 17:38:20.225508-04","2020-10-28 17:38:20.225508-04","2020-10-28 17:38:20.225508-04","2020-08-13 00:00:00","doi:10.5066/P935RLIG"
"USGS:5d1ce55ce4b0941bde64cd53","Central Energy Resources Science Center","2020-10-28 17:38:20.225508-04","2020-10-28 17:38:20.225508-04","2020-10-28 17:38:20.225508-04","2020-08-13 00:00:00","doi:10.5066/F74T6GC4"
"USGS:5cc34bb6e4b09b8c0b7606b1","Central Midwest Water Science Center","2020-10-28 17:38:20.225508-04","2020-10-28 17:38:20.225508-04","2020-10-28 17:38:20.225508-04","2020-08-13 00:00:00","doi:10.5066/P94M4US7"
"USGS:5bcf4bdbe4b0b3fc5cde1481","Central Midwest Water Science Center","2020-10-28 17:38:20.225508-04","2020-10-28 17:38:20.225508-04","2020-10-28 17:38:20.225508-04","2020-08-13 00:00:00","doi:10.5066/P9H8P0F7"
"USGS:5c0e92bee4b0c53ecb2aea9a","Central Midwest Water Science Center","2020-10-28 17:38:20.225508-04","2020-10-28 17:38:20.225508-04","2020-10-28 17:38:20.225508-04","2020-08-13 00:00:00","doi:10.5066/P9XDVRMT"
"USGS:5bcf4b6ce4b0b3fc5cde146f","Central Midwest Water Science Center","2020-10-28 17:38:20.225508-04","2020-10-28 17:38:20.225508-04","2020-10-28 17:38:20.225508-04","2020-08-13 00:00:00","doi:10.5066/P9H8P0F7"
"USGS:57c98889e4b0f2f0cec15c57","Central Midwest Water Science Center","2020-10-28 17:38:20.225508-04","2020-10-28 17:38:20.225508-04","2020-10-28 17:38:20.225508-04","2020-08-14 00:00:00","doi:10.5066/F7RF5S5K"
"USGS:57f1b924e4b0bc0bebfee12b","Central Midwest Water Science Center","2020-10-28 17:38:20.225508-04","2020-10-28 17:38:20.225508-04","2020-10-28 17:38:20.225508-04","2020-08-14 00:00:00","doi:10.5066/F73F4MRV"
"USGS:5801036ee4b0824b2d18bbc1","Columbia Environmental Research Center","2020-10-28 17:38:20.225508-04","2020-10-28 17:38:20.225508-04","2020-10-28 17:38:20.225508-04","2020-08-17 00:00:00","doi:10.5066/F7K64G7D"
"USGS:5d716d1fe4b0c4f70cfed021","Columbia Environmental Research Center","2020-10-28 17:38:20.225508-04","2020-10-28 17:38:20.225508-04","2020-10-28 17:38:20.225508-04","2020-08-17 00:00:00","doi:10.5066/P9XGRA5Q"
"USGS:5810bd7de4b0f497e7972b83","Columbia Environmental Research Center","2020-10-28 17:38:20.225508-04","2020-10-28 17:38:20.225508-04","2020-10-28 17:38:20.225508-04","2020-08-17 00:00:00","doi:10.5066/F7F769P1"
"USGS:5dfb93d5e4b0b5e61c0732a2","Columbia Environmental Research Center","2020-10-28 17:38:20.225508-04","2020-10-28 17:38:20.225508-04","2020-10-28 17:38:20.225508-04","2020-08-17 00:00:00","doi:10.5066/P926SZLN"
"USGS:5ad0c0bbe4b0e2c2dd1d6bb0","Columbia Environmental Research Center","2020-10-28 17:38:20.225508-04","2020-10-28 17:38:20.225508-04","2020-10-28 17:38:20.225508-04","2020-08-17 00:00:00","doi:10.5066/P99GDFWB"
"USGS:58c17451e4b014cc3a3d355c","Columbia Environmental Research Center","2020-10-28 17:38:20.225508-04","2020-10-28 17:38:20.225508-04","2020-10-28 17:38:20.225508-04","2020-08-17 00:00:00","doi:10.5066/F7TB154R"
"USGS:59020dd6e4b0c2e071a99c69","Columbia Environmental Research Center","2020-10-28 17:38:20.225508-04","2020-10-28 17:38:20.225508-04","2020-10-28 17:38:20.225508-04","2020-08-17 00:00:00","doi:10.5066/F72F7KPC"
"USGS:58e298d5e4b09da67996a84f","Columbia Environmental Research Center","2020-10-28 17:38:20.225508-04","2020-10-28 17:38:20.225508-04","2020-10-28 17:38:20.225508-04","2020-08-17 00:00:00","doi:10.5066/F70C4SXJ"
"USGS:5ae07de8e4b0e2c2dd2e9c41","Columbia Environmental Research Center","2020-10-28 17:38:20.225508-04","2020-10-28 17:38:20.225508-04","2020-10-28 17:38:20.225508-04","2020-08-17 00:00:00","doi:10.5066/F7X0660R"
"USGS:5c81817fe4b09388244764dd","Columbia Environmental Research Center","2020-10-28 17:38:20.225508-04","2020-10-28 17:38:20.225508-04","2020-10-28 17:38:20.225508-04","2020-08-17 00:00:00","doi:10.5066/P9GD4MV2"
"USGS:5e711e95e4b01d509268239b","Central Midwest Water Science Center","2020-10-28 17:38:20.225508-04","2020-10-28 17:38:20.225508-04","2020-10-28 17:38:20.225508-04","2020-08-13 00:00:00","doi:10.5066/P9QPY9MI"
"USGS:5a5e65fee4b06e28e9be4a17","Central Midwest Water Science Center","2020-10-28 17:38:20.225508-04","2020-10-28 17:38:20.225508-04","2020-10-28 17:38:20.225508-04","2020-08-13 00:00:00","doi:10.5066/F7PR7V63"
"USGS:59bc33cfe4b091459a591308","Texas Water Science Center","2020-10-28 17:38:20.225508-04","2020-10-28 17:38:20.225508-04","2020-10-28 17:38:20.225508-04","2020-08-13 00:00:00","doi:10.5066/F7P26X39"
"USGS:5e94830c82ce172707f03470","Central Midwest Water Science Center","2020-10-28 17:38:20.225508-04","2020-10-28 17:38:20.225508-04","2020-10-28 17:38:20.225508-04","2020-08-13 00:00:00","doi:10.5066/P90DPEJM"
"USGS:5e42c597e4b0edb47be844f0","Central Midwest Water Science Center","2020-10-28 17:38:20.225508-04","2020-10-28 17:38:20.225508-04","2020-10-28 17:38:20.225508-04","2020-08-13 00:00:00","doi:10.5066/P9FM4VUZ"
"USGS:5d447a69e4b01d82ce8dbc56","Central Midwest Water Science Center","2020-10-28 17:38:20.225508-04","2020-10-28 17:38:20.225508-04","2020-10-28 17:38:20.225508-04","2020-08-13 00:00:00","doi:10.5066/P9WDI9YF"
"USGS:5d447a0fe4b01d82ce8dbc49","Central Midwest Water Science Center","2020-10-28 17:38:20.225508-04","2020-10-28 17:38:20.225508-04","2020-10-28 17:38:20.225508-04","2020-08-13 00:00:00","doi:10.5066/P9WDI9YF"
"USGS:5d447acfe4b01d82ce8dbc6c","Central Midwest Water Science Center","2020-10-28 17:38:20.225508-04","2020-10-28 17:38:20.225508-04","2020-10-28 17:38:20.225508-04","2020-08-13 00:00:00","doi:10.5066/P9WDI9YF"
"USGS:5d447ab8e4b01d82ce8dbc69","Central Midwest Water Science Center","2020-10-28 17:38:20.225508-04","2020-10-28 17:38:20.225508-04","2020-10-28 17:38:20.225508-04","2020-08-13 00:00:00","doi:10.5066/P9WDI9YF"
"USGS:5c866099e4b09388244b3c82","Central Midwest Water Science Center","2020-10-28 17:38:20.225508-04","2020-10-28 17:38:20.225508-04","2020-10-28 17:38:20.225508-04","2020-08-13 00:00:00","doi:10.5066/P912FO3L"
"USGS:5d8bd644e4b0c4f70d0c190e","California Water Science Center","2020-10-28 17:38:20.225508-04","2020-10-28 17:38:20.225508-04","2020-10-28 17:38:20.225508-04","2020-08-12 00:00:00","doi:10.5066/P9JXQ3SD"
"USGS:5d8bd741e4b0c4f70d0c1ac1","California Water Science Center","2020-10-28 17:38:20.225508-04","2020-10-28 17:38:20.225508-04","2020-10-28 17:38:20.225508-04","2020-08-12 00:00:00","doi:10.5066/P9AYRXBD"
"USGS:5e8f6a3682cee42d134ae02a","California Water Science Center","2020-10-28 17:38:20.225508-04","2020-10-28 17:38:20.225508-04","2020-10-28 17:38:20.225508-04","2020-08-12 00:00:00","doi:10.5066/P9INH1ID"
"USGS:5de983d5e4b02caea0eed9e3","California Water Science Center","2020-10-28 17:38:20.225508-04","2020-10-28 17:38:20.225508-04","2020-10-28 17:38:20.225508-04","2020-08-12 00:00:00","doi:10.5066/P9BVCW1N"
"USGS:5c6c65f9e4b0fe48cb3e5d4d","California Water Science Center","2020-10-28 17:38:20.225508-04","2020-10-28 17:38:20.225508-04","2020-10-28 17:38:20.225508-04","2020-08-12 00:00:00","doi:10.5066/P9FUQXJL"
"USGS:5dd8547ae4b069579767b5a3","California Water Science Center","2020-10-28 17:38:20.225508-04","2020-10-28 17:38:20.225508-04","2020-10-28 17:38:20.225508-04","2020-08-12 00:00:00","doi:10.5066/P9PZMELL"
"USGS:5b33c37ce4b040769c1731a8","California Water Science Center","2020-10-28 17:38:20.225508-04","2020-10-28 17:38:20.225508-04","2020-10-28 17:38:20.225508-04","2020-08-12 00:00:00","doi:10.5066/P9CU0EH3"
"USGS:5d1ba85fe4b0941bde621071","California Water Science Center","2020-10-28 17:38:20.225508-04","2020-10-28 17:38:20.225508-04","2020-10-28 17:38:20.225508-04","2020-08-12 00:00:00","doi:10.5066/P9217ML2"
"USGS:5ade1913e4b0e2c2dd2b80a3","California Water Science Center","2020-10-28 17:38:20.225508-04","2020-10-28 17:38:20.225508-04","2020-10-28 17:38:20.225508-04","2020-08-12 00:00:00","doi:10.5066/F7RN373C"
"USGS:5c897cabe4b09388244f03a4","California Water Science Center","2020-10-28 17:38:20.225508-04","2020-10-28 17:38:20.225508-04","2020-10-28 17:38:20.225508-04","2020-08-12 00:00:00","doi:10.5066/P9KC9DU8"
"USGS:58923f4ce4b072a7ac14461d","California Water Science Center","2020-10-28 17:38:20.225508-04","2020-10-28 17:38:20.225508-04","2020-10-28 17:38:20.225508-04","2020-08-12 00:00:00","doi:10.5066/F7319T3K"
"USGS:5c15e135e4b006c4f8552cb7","California Water Science Center","2020-10-28 17:38:20.225508-04","2020-10-28 17:38:20.225508-04","2020-10-28 17:38:20.225508-04","2020-08-12 00:00:00","doi:10.5066/P9C7U6DW"
"USGS:59ea84fbe4b0026a55fd012f","California Water Science Center","2020-10-28 17:38:20.225508-04","2020-10-28 17:38:20.225508-04","2020-10-28 17:38:20.225508-04","2020-08-12 00:00:00","doi:10.5066/F7T152J9"
"USGS:57d1964ce4b0571647cfd2db","California Water Science Center","2020-10-28 17:38:20.225508-04","2020-10-28 17:38:20.225508-04","2020-10-28 17:38:20.225508-04","2020-08-12 00:00:00","doi:10.5066/F7W66HWW"
"USGS:5df94d47e4b0cdded73b4239","California Water Science Center","2020-10-28 17:38:20.225508-04","2020-10-28 17:38:20.225508-04","2020-10-28 17:38:20.225508-04","2020-08-12 00:00:00","doi:10.5066/P9ZKAH3O"
"USGS:59ea84c9e4b0026a55fd012d","California Water Science Center","2020-10-28 17:38:20.225508-04","2020-10-28 17:38:20.225508-04","2020-10-28 17:38:20.225508-04","2020-08-12 00:00:00","doi:10.5066/F7ST7NQZ"
"USGS:5c1d6eaee4b0708288ca1307","California Water Science Center","2020-10-28 17:38:20.225508-04","2020-10-28 17:38:20.225508-04","2020-10-28 17:38:20.225508-04","2020-08-12 00:00:00","doi:10.5066/P9WWKST1"
"USGS:5c1d6d7ae4b0708288ca12f8","California Water Science Center","2020-10-28 17:38:20.225508-04","2020-10-28 17:38:20.225508-04","2020-10-28 17:38:20.225508-04","2020-08-12 00:00:00","doi:10.5066/P9WWKST1"
"USGS:585159b5e4b0f99207c4f04b","Caribbean-Florida Water Science Center","2020-10-28 17:38:20.225508-04","2020-10-28 17:38:20.225508-04","2020-10-28 17:38:20.225508-04","2020-08-12 00:00:00","doi:10.5066/F7N58JG5"
"USGS:5a4cfe80e4b0d05ee8c4caf6","Caribbean-Florida Water Science Center","2020-10-28 17:38:20.225508-04","2020-10-28 17:38:20.225508-04","2020-10-28 17:38:20.225508-04","2020-08-12 00:00:00","doi:10.5066/F7N29W5M"
"USGS:59a06c53e4b038630d030620","Caribbean-Florida Water Science Center","2020-10-28 17:38:20.225508-04","2020-10-28 17:38:20.225508-04","2020-10-28 17:38:20.225508-04","2020-08-12 00:00:00","doi:10.5066/F7QN65P0"
"USGS:56688b89e4b06a3ea36c8ff9","Caribbean-Florida Water Science Center","2020-10-28 17:38:20.225508-04","2020-10-28 17:38:20.225508-04","2020-10-28 17:38:20.225508-04","2020-08-12 00:00:00","doi:10.5066/F76W985D"
"USGS:5cf7aee1e4b07f02a704642c","Caribbean-Florida Water Science Center","2020-10-28 17:38:20.225508-04","2020-10-28 17:38:20.225508-04","2020-10-28 17:38:20.225508-04","2020-08-12 00:00:00","doi:10.5066/P9FD12Y5"
"USGS:57586197e4b04f417c2520f3","Caribbean-Florida Water Science Center","2020-10-28 17:38:20.225508-04","2020-10-28 17:38:20.225508-04","2020-10-28 17:38:20.225508-04","2020-08-12 00:00:00","doi:10.5066/F72V2D7Q"
"USGS:57ec0a23e4b09082500f0f34","Caribbean-Florida Water Science Center","2020-10-28 17:38:20.225508-04","2020-10-28 17:38:20.225508-04","2020-10-28 17:38:20.225508-04","2020-08-12 00:00:00","doi:10.5066/F7HT2MFK"
"USGS:5ae1c777e4b0e2c2dd302883","Caribbean-Florida Water Science Center","2020-10-28 17:38:20.225508-04","2020-10-28 17:38:20.225508-04","2020-10-28 17:38:20.225508-04","2020-08-12 00:00:00","doi:10.5066/P9UL4GY1"
"USGS:588f8a73e4b072a7ac08c32e","California Water Science Center","2020-10-28 17:38:20.225508-04","2020-10-28 17:38:20.225508-04","2020-10-28 17:38:20.225508-04","2020-08-12 00:00:00","doi:10.5066/F72R3PVF"
"USGS:588f8c00e4b072a7ac08c34c","California Water Science Center","2020-10-28 17:38:20.225508-04","2020-10-28 17:38:20.225508-04","2020-10-28 17:38:20.225508-04","2020-08-12 00:00:00","doi:10.5066/F72R3PVF"
"USGS:580fde09e4b0f497e796072e","Caribbean-Florida Water Science Center","2020-10-28 17:38:20.225508-04","2020-10-28 17:38:20.225508-04","2020-10-28 17:38:20.225508-04","2020-08-12 00:00:00","doi:10.5066/F7R78CF8"
"USGS:5d791315e4b0c4f70d021cee","Caribbean-Florida Water Science Center","2020-10-28 17:38:20.225508-04","2020-10-28 17:38:20.225508-04","2020-10-28 17:38:20.225508-04","2020-08-12 00:00:00","doi:10.5066/P9B1LAX0"
"USGS:58c988bce4b0849ce97b4845","Caribbean-Florida Water Science Center","2020-10-28 17:38:20.225508-04","2020-10-28 17:38:20.225508-04","2020-10-28 17:38:20.225508-04","2020-08-12 00:00:00","doi:10.5066/F72J6933"
"USGS:5d7a5478e4b0c4f70d02a1ba","Caribbean-Florida Water Science Center","2020-10-28 17:38:20.225508-04","2020-10-28 17:38:20.225508-04","2020-10-28 17:38:20.225508-04","2020-08-12 00:00:00","doi:10.5066/P9B1LAX0"
"USGS:59492ba7e4b062508e359994","Caribbean-Florida Water Science Center","2020-10-28 17:38:20.225508-04","2020-10-28 17:38:20.225508-04","2020-10-28 17:38:20.225508-04","2020-08-12 00:00:00","doi:10.5066/F7PK0DN5"
"USGS:59493808e4b062508e3599ad","Caribbean-Florida Water Science Center","2020-10-28 17:38:20.225508-04","2020-10-28 17:38:20.225508-04","2020-10-28 17:38:20.225508-04","2020-08-12 00:00:00","doi:10.5066/F7JS9NZB"
"USGS:5a382987e4b0d05ee8b2132d","Central Midwest Water Science Center","2020-10-28 17:38:20.225508-04","2020-10-28 17:38:20.225508-04","2020-10-28 17:38:20.225508-04","2020-08-14 00:00:00","doi:10.5066/F71R6PQG"
"USGS:573617ede4b0dae0d5df6d08","Central Midwest Water Science Center","2020-10-28 17:38:20.225508-04","2020-10-28 17:38:20.225508-04","2020-10-28 17:38:20.225508-04","2020-08-14 00:00:00","doi:10.5066/F76W986V"
"USGS:5aeca000e4b0860c0f745688","Central Midwest Water Science Center","2020-10-28 17:38:20.225508-04","2020-10-28 17:38:20.225508-04","2020-10-28 17:38:20.225508-04","2020-08-14 00:00:00","doi:10.5066/P9OFYN3C"
"USGS:56b0d476e4b010e2af2a99d7","Central Midwest Water Science Center","2020-10-28 17:38:20.225508-04","2020-10-28 17:38:20.225508-04","2020-10-28 17:38:20.225508-04","2020-08-14 00:00:00","doi:10.5066/F74T6GDK"
"USGS:56b21d17e4b07a81bb2420a3","Central Midwest Water Science Center","2020-10-28 17:38:20.225508-04","2020-10-28 17:38:20.225508-04","2020-10-28 17:38:20.225508-04","2020-08-14 00:00:00","doi:10.5066/F74T6GDK"
"USGS:5993829ee4b02da3062a17db","Central Midwest Water Science Center","2020-10-28 17:38:20.225508-04","2020-10-28 17:38:20.225508-04","2020-10-28 17:38:20.225508-04","2020-08-14 00:00:00","doi:10.5066/F7CF9P06"
"USGS:5dd80882e4b069579765be28","Colorado Water Science Center","2020-10-28 17:38:20.225508-04","2020-10-28 17:38:20.225508-04","2020-10-28 17:38:20.225508-04","2020-08-14 00:00:00","doi:10.5066/P92ULNAG"
"USGS:5953be36e4b062508e3c7b72","Colorado Water Science Center","2020-10-28 17:38:20.225508-04","2020-10-28 17:38:20.225508-04","2020-10-28 17:38:20.225508-04","2020-08-14 00:00:00","doi:10.5066/F7XG9PN1"
"USGS:59c9591be4b017cf313f1060","Central Midwest Water Science Center","2020-10-28 17:38:20.225508-04","2020-10-28 17:38:20.225508-04","2020-10-28 17:38:20.225508-04","2020-08-14 00:00:00","doi:10.5066/F7G73CNK"
"USGS:578f9bade4b0ad6235cf7b6f","Central Midwest Water Science Center","2020-10-28 17:38:20.225508-04","2020-10-28 17:38:20.225508-04","2020-10-28 17:38:20.225508-04","2020-08-14 00:00:00","doi:10.5066/F7BZ645J"
"USGS:591f1dece4b0ac16dbdde04b","Colorado Water Science Center","2020-10-28 17:38:20.225508-04","2020-10-28 17:38:20.225508-04","2020-10-28 17:38:20.225508-04","2020-08-14 00:00:00","doi:10.5066/F7S180ZP"
"USGS:57068401e4b032f77a8a44a2","Central Midwest Water Science Center","2020-10-28 17:38:20.225508-04","2020-10-28 17:38:20.225508-04","2020-10-28 17:38:20.225508-04","2020-08-14 00:00:00","doi:10.5066/F7S180KR"
"USGS:5706845fe4b032f77a8a44c6","Central Midwest Water Science Center","2020-10-28 17:38:20.225508-04","2020-10-28 17:38:20.225508-04","2020-10-28 17:38:20.225508-04","2020-08-14 00:00:00","doi:10.5066/F7S180KR"
"USGS:58531790e4b0e2663625f1b9","Central Midwest Water Science Center","2020-10-28 17:38:20.225508-04","2020-10-28 17:38:20.225508-04","2020-10-28 17:38:20.225508-04","2020-08-14 00:00:00","doi:10.5066/F7K35RTP"
"USGS:5ae88176e4b091efec62b72c","Central Midwest Water Science Center","2020-10-28 17:38:20.225508-04","2020-10-28 17:38:20.225508-04","2020-10-28 17:38:20.225508-04","2020-08-14 00:00:00","doi:10.5066/P94LHZHR"
"USGS:585317b6e4b0e2663625f1bf","Central Midwest Water Science Center","2020-10-28 17:38:20.225508-04","2020-10-28 17:38:20.225508-04","2020-10-28 17:38:20.225508-04","2020-08-14 00:00:00","doi:10.5066/F7K35RTP"
"USGS:591f9304e4b0ac16dbdde242","Colorado Water Science Center","2020-10-28 17:38:20.225508-04","2020-10-28 17:38:20.225508-04","2020-10-28 17:38:20.225508-04","2020-08-14 00:00:00","doi:10.5066/F7S180ZP"
"USGS:591f6d02e4b0ac16dbdde1c7","Colorado Water Science Center","2020-10-28 17:38:20.225508-04","2020-10-28 17:38:20.225508-04","2020-10-28 17:38:20.225508-04","2020-08-14 00:00:00","doi:10.5066/F7S180ZP"
"USGS:5920c726e4b0ac16dbdf3a16","Colorado Water Science Center","2020-10-28 17:38:20.225508-04","2020-10-28 17:38:20.225508-04","2020-10-28 17:38:20.225508-04","2020-08-14 00:00:00","doi:10.5066/F7S180ZP"
"USGS:591f1ddae4b0ac16dbdde049","Colorado Water Science Center","2020-10-28 17:38:20.225508-04","2020-10-28 17:38:20.225508-04","2020-10-28 17:38:20.225508-04","2020-08-14 00:00:00","doi:10.5066/F7S180ZP"
"USGS:5925d47fe4b0b7ff9fb3cb3e","Colorado Water Science Center","2020-10-28 17:38:20.225508-04","2020-10-28 17:38:20.225508-04","2020-10-28 17:38:20.225508-04","2020-08-14 00:00:00","doi:10.5066/F70863S6"
"USGS:578f933ce4b0ad6235cf762c","Central Midwest Water Science Center","2020-10-28 17:38:20.225508-04","2020-10-28 17:38:20.225508-04","2020-10-28 17:38:20.225508-04","2020-08-14 00:00:00","doi:10.5066/F7BZ645J"
"USGS:585de173e4b01224f329bed3","Earthquake Hazards Program","2020-10-28 17:38:20.225508-04","2020-10-28 17:38:20.225508-04","2020-10-28 17:38:20.225508-04","2020-08-18 00:00:00","doi:10.5066/F7P26W84"
"USGS:5e34574ce4b0a79317dae3c0","Geologic Hazards Science Center","2020-10-28 17:38:20.225508-04","2020-10-28 17:38:20.225508-04","2020-10-28 17:38:20.225508-04","2020-08-18 00:00:00","doi:10.5066/P9TFRP5D"
"USGS:585c58fbe4b01224f329bbf5","Earthquake Hazards Program","2020-10-28 17:38:20.225508-04","2020-10-28 17:38:20.225508-04","2020-10-28 17:38:20.225508-04","2020-08-18 00:00:00","doi:10.5066/F7P26W84"
"USGS:5c1d8474e4b0708288ca132c","Earthquake Hazards Program","2020-10-28 17:38:20.225508-04","2020-10-28 17:38:20.225508-04","2020-10-28 17:38:20.225508-04","2020-08-18 00:00:00","doi:10.5066/F7P26W84"
"USGS:5d2fbdd2e4b01d82ce82c99f","Earthquake Science Center","2020-10-28 17:38:20.225508-04","2020-10-28 17:38:20.225508-04","2020-10-28 17:38:20.225508-04","2020-08-18 00:00:00","doi:10.5066/P94HDTD8"
"USGS:55e782d6e4b0dacf699dd3a4","Landslide Hazards Program","2020-10-28 17:38:20.225508-04","2020-10-28 17:38:20.225508-04","2020-10-28 17:38:20.225508-04","2020-08-18 00:00:00","doi:10.5066/F7X928BN"
"USGS:55e7817de4b0dacf699dd387","Landslide Hazards Program","2020-10-28 17:38:20.225508-04","2020-10-28 17:38:20.225508-04","2020-10-28 17:38:20.225508-04","2020-08-18 00:00:00","doi:10.5066/F7X928BN"
"USGS:59557881e4b04e08be532c9a","Earth Resources Observation and Science (EROS) Center","2020-10-28 17:38:20.225508-04","2020-10-28 17:38:20.225508-04","2020-10-28 17:38:20.225508-04","2020-08-18 00:00:00","doi:10.5066/F7416VXX"
"USGS:5dfc2280e4b0b207a9fe8235","Earth Resources Observation and Science (EROS) Center","2020-10-28 17:38:20.225508-04","2020-10-28 17:38:20.225508-04","2020-10-28 17:38:20.225508-04","2020-08-18 00:00:00","doi:10.5066/P97S2IID"
"USGS:5dfbcddfe4b0ff479b8c45a8","Earth Resources Observation and Science (EROS) Center","2020-10-28 17:38:20.225508-04","2020-10-28 17:38:20.225508-04","2020-10-28 17:38:20.225508-04","2020-08-18 00:00:00","doi:10.5066/P9MZGHLF"
"USGS:5e5d460ee4b01d50924f2c85","Earth Resources Observation and Science (EROS) Center","2020-10-28 17:38:20.225508-04","2020-10-28 17:38:20.225508-04","2020-10-28 17:38:20.225508-04","2020-08-18 00:00:00","doi:10.5066/P9T291DH"
"USGS:5e135da6e4b0ecf25c53b2a2","Earth Resources Observation and Science (EROS) Center","2020-10-28 17:38:20.225508-04","2020-10-28 17:38:20.225508-04","2020-10-28 17:38:20.225508-04","2020-08-18 00:00:00","doi:10.5066/P9JW167N"
"USGS:5ba9511ee4b08583a5ca09fe","Earth Resources Observation and Science (EROS) Center","2020-10-28 17:38:20.225508-04","2020-10-28 17:38:20.225508-04","2020-10-28 17:38:20.225508-04","2020-08-18 00:00:00","doi:10.5066/P9K1GD9W"
"USGS:5a54ee02e4b01e7be24292bb","Earth Resources Observation and Science (EROS) Center","2020-10-28 17:38:20.225508-04","2020-10-28 17:38:20.225508-04","2020-10-28 17:38:20.225508-04","2020-08-18 00:00:00","doi:10.5066/F7Z60N98"
"USGS:5a8701ade4b00f54eb3a2b17","Earth Resources Observation and Science (EROS) Center","2020-10-28 17:38:20.225508-04","2020-10-28 17:38:20.225508-04","2020-10-28 17:38:20.225508-04","2020-08-18 00:00:00","doi:10.5066/F7B27TG8"
"USGS:5db9be62e4b06957974eb5ca","Geologic Hazards Science Center","2020-10-28 17:38:20.225508-04","2020-10-28 17:38:20.225508-04","2020-10-28 17:38:20.225508-04","2020-08-18 00:00:00","doi:10.5066/P9P77LGZ"
"USGS:571e817ce4b071321fe567ea","Earthquake Hazards Program","2020-10-28 17:38:20.225508-04","2020-10-28 17:38:20.225508-04","2020-10-28 17:38:20.225508-04","2020-08-18 00:00:00","doi:10.5066/F7M32SW5"
"USGS:5db05ee3e4b0b0c58b56c193","Geologic Hazards Science Center","2020-10-28 17:38:20.225508-04","2020-10-28 17:38:20.225508-04","2020-10-28 17:38:20.225508-04","2020-08-18 00:00:00","doi:10.5066/P9F930FI"
"USGS:5b58a700e4b05cbf87c8c7a6","Earthquake Hazards Program","2020-10-28 17:38:20.225508-04","2020-10-28 17:38:20.225508-04","2020-10-28 17:38:20.225508-04","2020-08-18 00:00:00","doi:10.5066/P9NHQW8M"
"USGS:58afcbcfe4b01ccd54fb2552","Earthquake Hazards Program","2020-10-28 17:38:20.225508-04","2020-10-28 17:38:20.225508-04","2020-10-28 17:38:20.225508-04","2020-08-18 00:00:00","doi:10.5066/F7KP80B9"
"USGS:5dd715f3e4b0695797650d18","Geologic Hazards Science Center","2020-10-28 17:38:20.225508-04","2020-10-28 17:38:20.225508-04","2020-10-28 17:38:20.225508-04","2020-08-18 00:00:00","doi:10.5066/P9JN6H0N"
"USGS:5b18188be4b092d965219acf","Earthquake Hazards Program","2020-10-28 17:38:20.225508-04","2020-10-28 17:38:20.225508-04","2020-10-28 17:38:20.225508-04","2020-08-18 00:00:00","doi:10.5066/F7P26X4R"
"USGS:57715474e4b07657d1a6ba45","Dakota Water Science Center","2020-10-28 17:38:20.225508-04","2020-10-28 17:38:20.225508-04","2020-10-28 17:38:20.225508-04","2020-08-18 00:00:00","doi:10.5066/F79G5JWD"
"USGS:5a29ab10e4b03852baff8dbf","Dakota Water Science Center","2020-10-28 17:38:20.225508-04","2020-10-28 17:38:20.225508-04","2020-10-28 17:38:20.225508-04","2020-08-18 00:00:00","doi:10.5066/F7H130XV"
"USGS:577d689ee4b0ef4d2f43b473","Dakota Water Science Center","2020-10-28 17:38:20.225508-04","2020-10-28 17:38:20.225508-04","2020-10-28 17:38:20.225508-04","2020-08-18 00:00:00","doi:10.5066/F7NG4NQ4"
"USGS:5d4de46be4b01d82ce8e07fb","Columbia Environmental Research Center","2020-10-28 17:38:20.225508-04","2020-10-28 17:38:20.225508-04","2020-10-28 17:38:20.225508-04","2019-11-18 00:00:00","doi:10.5066/F7Q81C0T"
"USGS:5d7804a1e4b0c4f70d020c97","Water - Earth System Processes Division","2020-10-28 17:38:20.225508-04","2020-10-28 17:38:20.225508-04","2020-10-28 17:38:20.225508-04","2020-08-18 00:00:00","doi:10.5066/P9EIV8L5"
"USGS:578e4c9ce4b0f1bea0e147a8","Earth Resources Observation and Science (EROS) Center","2020-10-28 17:38:20.225508-04","2020-10-28 17:38:20.225508-04","2020-10-28 17:38:20.225508-04","2020-08-18 00:00:00","doi:10.5066/F7S75DFV"
"USGS:578e403de4b0f1bea0e14740","Earth Resources Observation and Science (EROS) Center","2020-10-28 17:38:20.225508-04","2020-10-28 17:38:20.225508-04","2020-10-28 17:38:20.225508-04","2020-08-18 00:00:00","doi:10.5066/F7S75DFV"
"USGS:5e82a8f4e4b01d5092794b89","Water - Earth System Processes Division","2020-10-28 17:38:20.225508-04","2020-10-28 17:38:20.225508-04","2020-10-28 17:38:20.225508-04","2020-08-18 00:00:00","doi:10.5066/P97HDPAY"
"USGS:5966abe6e4b0d1f9f05cf551","Water - Earth System Processes Division","2020-10-28 17:38:20.225508-04","2020-10-28 17:38:20.225508-04","2020-10-28 17:38:20.225508-04","2020-08-18 00:00:00","doi:10.5066/F7D21WGF"
"USGS:5db30989e4b0b0c58b585c0e","Geologic Hazards Science Center","2020-10-28 17:38:20.225508-04","2020-10-28 17:38:20.225508-04","2020-10-28 17:38:20.225508-04","2020-08-18 00:00:00","doi:10.5066/P9O4DJ1G"
"USGS:5aa41834e4b0b1c392eaaf3b","Earthquake Hazards Program","2020-10-28 17:38:20.225508-04","2020-10-28 17:38:20.225508-04","2020-10-28 17:38:20.225508-04","2020-08-18 00:00:00","doi:10.5066/F7PV6JNV"
"USGS:57f7d8f2e4b0bc0bec09d04d","Earthquake Hazards Program","2020-10-28 17:38:20.225508-04","2020-10-28 17:38:20.225508-04","2020-10-28 17:38:20.225508-04","2020-08-18 00:00:00","doi:10.5066/F73B5X8N"
"USGS:5a569c7ae4b01e7be2444da0","Earthquake Hazards Program","2020-10-28 17:38:20.225508-04","2020-10-28 17:38:20.225508-04","2020-10-28 17:38:20.225508-04","2020-08-18 00:00:00","doi:10.5066/F71Z43NV"
"USGS:5aa1b00ee4b0b1c392e86467","Earthquake Hazards Program","2020-10-28 17:38:20.225508-04","2020-10-28 17:38:20.225508-04","2020-10-28 17:38:20.225508-04","2020-08-18 00:00:00","doi:10.5066/F7PV6JNV"
"USGS:5b1019f1e4b0c39c934b22fe","Earthquake Hazards Program","2020-10-28 17:38:20.225508-04","2020-10-28 17:38:20.225508-04","2020-10-28 17:38:20.225508-04","2020-08-18 00:00:00","doi:10.5066/P9PPLQIM"
"USGS:5b845684e4b05f6e321b62ba","National Research Program","2020-10-28 17:38:20.225508-04","2020-10-28 17:38:20.225508-04","2020-10-28 17:38:20.225508-04","2020-08-18 00:00:00","doi:10.5066/P9A88C67"
"USGS:5d6005a6e4b01d82ce9853e3","Energy Resources Program","2020-10-28 17:38:20.225508-04","2020-10-28 17:38:20.225508-04","2020-10-28 17:38:20.225508-04","2020-08-19 00:00:00","doi:10.5066/P9HSWE98"
"USGS:56748ed3e4b0da412f4f88bf","Florence Bascom Geoscience Center","2020-10-28 17:38:20.225508-04","2020-10-28 17:38:20.225508-04","2020-10-28 17:38:20.225508-04","2020-08-19 00:00:00","doi:10.5066/F7DN434F"
"USGS:56748ed3e4b0da412f4f88c9","Florence Bascom Geoscience Center","2020-10-28 17:38:20.225508-04","2020-10-28 17:38:20.225508-04","2020-10-28 17:38:20.225508-04","2020-08-19 00:00:00","doi:10.5066/F7DN434F"
"USGS:5775a2d9e4b07dd077c7704a","Florence Bascom Geoscience Center","2020-10-28 17:38:20.225508-04","2020-10-28 17:38:20.225508-04","2020-10-28 17:38:20.225508-04","2020-08-19 00:00:00","doi:10.5066/F76D5R2H"
"USGS:5aa96e0de4b0b1c392f16cab","California Water Science Center","2020-10-28 17:38:20.225508-04","2020-10-28 17:38:20.225508-04","2020-10-28 17:38:20.225508-04","2020-08-19 00:00:00","doi:10.5066/F7SF2VF5"
"USGS:5cae3011e4b0c3b00654cec3","Fort Collins Science Center","2020-10-28 17:38:20.225508-04","2020-10-28 17:38:20.225508-04","2020-10-28 17:38:20.225508-04","2020-08-20 00:00:00","doi:10.5066/P9DGJHEP"
"USGS:5cae3147e4b0c3b00654cee0","Fort Collins Science Center","2020-10-28 17:38:20.225508-04","2020-10-28 17:38:20.225508-04","2020-10-28 17:38:20.225508-04","2020-08-20 00:00:00","doi:10.5066/P9DGJHEP"
"USGS:5a9de072e4b0699060718a80","Fort Collins Science Center","2020-10-28 17:38:20.225508-04","2020-10-28 17:38:20.225508-04","2020-10-28 17:38:20.225508-04","2020-08-20 00:00:00","doi:10.5066/F7VQ320K"
"USGS:5cdc2ea5e4b0f324a7cefbe9","Fort Collins Science Center","2020-10-28 17:38:20.225508-04","2020-10-28 17:38:20.225508-04","2020-10-28 17:38:20.225508-04","2020-08-20 00:00:00","doi:10.5066/P9ITCS55"
"USGS:5bb67c9be4b0fc368e894684","Fort Collins Science Center","2020-10-28 17:38:20.225508-04","2020-10-28 17:38:20.225508-04","2020-10-28 17:38:20.225508-04","2020-08-20 00:00:00","doi:10.5066/P9K11LGN"
"USGS:5a9dc7ece4b06990607188ca","Fort Collins Science Center","2020-10-28 17:38:20.225508-04","2020-10-28 17:38:20.225508-04","2020-10-28 17:38:20.225508-04","2020-08-20 00:00:00","doi:10.5066/F7GM86GZ"
"USGS:583f1b71e4b04fc80e3b0cf5","Fort Collins Science Center","2020-10-28 17:38:20.225508-04","2020-10-28 17:38:20.225508-04","2020-10-28 17:38:20.225508-04","2020-08-20 00:00:00","doi:10.5066/P927I36K"
"USGS:5866d950e4b0cd2dabe7c697","Fort Collins Science Center","2020-10-28 17:38:20.225508-04","2020-10-28 17:38:20.225508-04","2020-10-28 17:38:20.225508-04","2020-08-20 00:00:00","doi:10.5066/P927I36K"
"USGS:587d020ee4b07af201111b93","Fort Collins Science Center","2020-10-28 17:38:20.225508-04","2020-10-28 17:38:20.225508-04","2020-10-28 17:38:20.225508-04","2020-08-20 00:00:00","doi:10.5066/P927I36K"
"USGS:5aa6d3fbe4b0b1c392ed6791","Fort Collins Science Center","2020-10-28 17:38:20.225508-04","2020-10-28 17:38:20.225508-04","2020-10-28 17:38:20.225508-04","2020-08-20 00:00:00","doi:10.5066/P927I36K"
"USGS:583f18bce4b04fc80e3ae8ee","Fort Collins Science Center","2020-10-28 17:38:20.225508-04","2020-10-28 17:38:20.225508-04","2020-10-28 17:38:20.225508-04","2020-08-20 00:00:00","doi:10.5066/P927I36K"
"USGS:583f0fb5e4b04fc80e3a7ce3","Fort Collins Science Center","2020-10-28 17:38:20.225508-04","2020-10-28 17:38:20.225508-04","2020-10-28 17:38:20.225508-04","2020-08-20 00:00:00","doi:10.5066/P927I36K"
"USGS:5acbf880e4b0e2c2dd13d4ef","Fort Collins Science Center","2020-10-28 17:38:20.225508-04","2020-10-28 17:38:20.225508-04","2020-10-28 17:38:20.225508-04","2020-08-20 00:00:00","doi:10.5066/F7GT5MGV"
"USGS:5d76b653e4b0c4f70d01ff0d","Fort Collins Science Center","2020-10-28 17:38:20.225508-04","2020-10-28 17:38:20.225508-04","2020-10-28 17:38:20.225508-04","2020-08-20 00:00:00","doi:10.5066/P9CSRABT"
"USGS:5786aa1be4b0e02680c150b9","Fort Collins Science Center","2020-10-28 17:38:20.225508-04","2020-10-28 17:38:20.225508-04","2020-10-28 17:38:20.225508-04","2020-08-20 00:00:00","doi:10.5066/F7ZK5DSB"
"USGS:5d77fcf2e4b0c4f70d020c48","Fort Collins Science Center","2020-10-28 17:38:20.225508-04","2020-10-28 17:38:20.225508-04","2020-10-28 17:38:20.225508-04","2020-08-20 00:00:00","doi:10.5066/P9CSRABT"
"USGS:5e8f8da582cee42d134ae170","Fort Collins Science Center","2020-10-28 17:38:20.225508-04","2020-10-28 17:38:20.225508-04","2020-10-28 17:38:20.225508-04","2020-08-20 00:00:00","doi:10.5066/P9U7278U"
"USGS:57f2b772e4b0bc0bec005744","Water - Office of Planning and Programming","2020-10-28 17:38:20.225508-04","2020-10-28 17:38:20.225508-04","2020-10-28 17:38:20.225508-04","2020-08-20 00:00:00","doi:10.5066/F75H7DCW"
"USGS:577597c8e4b07dd077c7700f",NULL,"2020-10-28 17:38:20.225508-04","2020-10-28 17:38:20.225508-04","2020-10-28 17:38:20.225508-04","2020-08-19 00:00:00","None"
"USGS:5ed5496c82ce2832f047ef7c",NULL,"2020-10-28 17:38:20.225508-04","2020-10-28 17:38:20.225508-04","2020-10-28 17:38:20.225508-04","2020-08-18 00:00:00","doi:10.5066/P9E5JBAF"
"USGS:5ec2b17582ce476925e89f21",NULL,"2020-10-28 17:38:20.225508-04","2020-10-28 17:38:20.225508-04","2020-10-28 17:38:20.225508-04","2020-08-12 00:00:00","doi:10.5066/P9ET61S4"
"USGS:5ec55e3482ce476925eb52b2",NULL,"2020-10-28 17:38:20.225508-04","2020-10-28 17:38:20.225508-04","2020-10-28 17:38:20.225508-04","2020-08-13 00:00:00","doi:10.5066/P9LROJE4"
"USGS:577c1b8ae4b0ef4d2f42651b",NULL,"2020-10-28 17:38:20.225508-04","2020-10-28 17:38:20.225508-04","2020-10-28 17:38:20.225508-04","2020-08-19 00:00:00","None"
"USGS:5eec31a182ce3bd58d89b212",NULL,"2020-10-28 17:38:20.225508-04","2020-10-28 17:38:20.225508-04","2020-10-28 17:38:20.225508-04","2020-08-18 00:00:00","doi:10.5066/P9Z81IQU"
"USGS:5ebaab0082ce25b513617fb1",NULL,"2020-10-28 17:38:20.225508-04","2020-10-28 17:38:20.225508-04","2020-10-28 17:38:20.225508-04","2020-08-17 00:00:00","doi:10.5066/P9AU43GI"
"USGS:5a90ade1e4b0699060675016",NULL,"2020-10-28 17:38:20.225508-04","2020-10-28 17:38:20.225508-04","2020-10-28 17:38:20.225508-04","2020-08-18 00:00:00","doi:10.5066/F7Cf9PC4"
"USGS:577592d5e4b07dd077c76fdc",NULL,"2020-10-28 17:38:20.225508-04","2020-10-28 17:38:20.225508-04","2020-10-28 17:38:20.225508-04","2020-08-19 00:00:00","None"
"USGS:5ea1f44a82cefae35a19190d",NULL,"2020-10-28 17:38:20.225508-04","2020-10-28 17:38:20.225508-04","2020-10-28 17:38:20.225508-04","2020-08-13 00:00:00","doi:10.5066/P9X0P4HZ"
"USGS:5ea2ecb182cefae35a191dba",NULL,"2020-10-28 17:38:20.225508-04","2020-10-28 17:38:20.225508-04","2020-10-28 17:38:20.225508-04","2020-08-13 00:00:00","doi:10.5066/P9YWP926"
"USGS:5a8c995de4b069906054df91",NULL,"2020-10-28 17:38:20.225508-04","2020-10-28 17:38:20.225508-04","2020-10-28 17:38:20.225508-04","2020-08-18 00:00:00","doi:10.5066/F7Cf9PC4"
"USGS:57c08434e4b0f2f0ceb88f8a",NULL,"2020-10-28 17:38:20.225508-04","2020-10-28 17:38:20.225508-04","2020-10-28 17:38:20.225508-04","2020-08-20 00:00:00","None"
"USGS:5ef650d382ced62aaae8d193",NULL,"2020-10-28 17:38:20.225508-04","2020-10-28 17:38:20.225508-04","2020-10-28 17:38:20.225508-04","2020-08-18 00:00:00","doi:10.5066/P9Z81IQU"
